n_drones,survival_rate,mean_drones_lost,mean_miss_distance,n_trials
0,0.7,0.0,24.934863581465482,60
1,0.7666666666666667,0.0,27.909585873307368,60
2,0.7833333333333333,0.0,31.518433036147137,60
3,0.8166666666666667,0.0,62.11268990501105,60
4,0.9333333333333333,0.0,64.34869794014809,60
6,0.8666666666666667,0.0,59.23356381375728,60
8,0.85,0.0,56.172279823376556,60
